ID,Name,Age
1,A,20
2,B,21
3,C,22
4,D,23
5,E,24
6,F,25
7,G,26
8,H,27
9,I,28
10,J,29
11,K,30
12,L,31
13,M,32
14,N,33
15,O,34
16,P,35
17,Q,36
18,R,37
19,S,38
20,T,39
21,U,40
22,V,41
23,W,42
24,X,43
25,Y,44
26,Z,45
27,A1,46
28,B1,47
29,C1,48
30,D1,49
31,E1,50
32,F1,51
33,G1,52
34,H1,53
35,I1,54
36,J1,55
37,K1,56
38,L1,57
39,M1,58
40,N1,59
41,O1,60
42,P1,61
43,Q1,62
44,R1,63
45,S1,64
46,T1,65
47,U1,66
48,V1,67
49,W1,68
50,X1,69
51,Y1,70
52,Z1,71
53,A2,72
54,B2,73
55,C2,74
56,D2,75
57,E2,76
58,F2,77
59,G2,78
60,H2,79
61,I2,80
62,J2,81
63,K2,82
64,L2,83
65,M2,84
66,N2,85
67,O2,86
68,P2,87
69,Q2,88
70,R2,89
71,S2,90
72,T2,91
73,U2,92
74,V2,93
75,W2,94
76,X2,95
77,Y2,96
78,Z2,97
79,A3,98
80,B3,99
81,C3,100
82,D3,101
83,E3,102
84,F3,103
85,G3,104
86,H3,105
87,I3,106
88,J3,107
89,K3,108
90,L3,109
91,M3,110
92,N3,111
93,O3,112
94,P3,113
95,Q3,114
96,R3,115
97,S3,116
98,T3,117
99,U3,118
100,V3,119
